{"_id": 1590771728, "experiment": "measures", "result": {"wind_speed": {"SpecEnt": 11.602315154646304, "SampEnt": 0.9861125114704589, "Stab12h": 2.717344498621609, "Lump12h": 0.9815841799759295, "strength_seasonality12h": 0.3735174171864376, "strength_trend12h": 0.8363992525419268, "Stab24h": 2.3108084268537867, "Lump24h": 0.947371235502342, "strength_seasonality24h": 0.5214444005928651, "strength_trend24h": 0.7147378730959235}}, "site": "2-1012-12"}